Workbook

Sheet Reconstructed Table
C3: Parameter | D3: NationStar TBC-T2020M-J6I16 | E3: NationStar Compared @ 3.2 mA | G3: Kinglight 2222-CB-B2-IC3 | H3: Kinglight Compared @ 3.2 mA | J3: Cxxx OLY6D-FKC Series | K3: Cxxx Compared @ 3.2 mA | M3: Notes
C4: Package Size (mm) | D4: 2.2 × 2.2 × 1.02 | G4: 2.2 × 2.2 × 1.05 | J4: 2.8 × 2.8 × 2.5 | M4: Cxxx bigger Package
C5: Typical Pitch Range | D5: — | G5: — | J5: 6 – 12 mm | M5: —
C6: Viewing Angle | D6: 110° | G6: 120° | J6: — | M6: —
C7: Operating Temperature | D7: −40 ~ +85 °C | G7: −30 ~ +85 °C | J7: −40 ~ +125 °C
C8: Storage Temperature | D8: −40 ~ +85 °C | G8: −40 ~ +85 °C | J8: −65 ~ +150 °C | M8: —
C9: Moisture Sensitivity Level | D9: — | G9: MSL3 | J9: MSL5a | M9: —
C10: Water Resistance | D10: — | G10: — | J10: IPX6 / IPX8 | M10: —
C11: Operating Voltage | D11: 3.3 – 12 V | G11: 3.0 – 5.5 V | J11: 2.5 – 3.6 V | M11: Supply Voltage
C12: Data Rate (Max.) | D12: 800 Kbps (up to 1.2 Mbps) | G12: 800 Kbps (up to 1.0 Mbps) | J12: 3 Mbps | M12: Bit Rate
C13: PWM / Color Depth | D13: 16-bit PWM per channel | G13: Not specified | J13: 24-bit per channel (72-bit total) | M13: Higher = smoother
C14: Maximum Refresh Rate | D14: — | G14: — | J14: 11,800 Hz | M14: —
C15: Gray Scale | D15: 16-bit (65,536 levels) | G15: Not specified | J15: 24-bit (16.7M levels) | M15: Per channel
C16: Maximum String Length | D16: 500 pcs @800Kbps (30Hz) | G16: >4000 pixel | J16: >4000 pixel | M16: —
C17: Bidirectional Communication | D17: Yes (DI0 / DI1) | G17: Yes (DI / BI backup) | J17: Yes | M17: —
C18: Output Current Range | D18: 0.2 – 3.2 mA (16 levels) | G18: Not specified | J18: Selectable currents | M18: —
C19: Maximum Output Current (per channel) | D19: 3.2 mA | G19: Not specified | J19: Not specified | M19: —
C20: Optical Test Current | D20: 3.2 mA | E20: 3.2 mA | G20: 3.53 mA | H20: 3.2 mA | J20: 8 mA | K20: 3.2 mA | M20: Condition for optical data
C21: Luminous Intensity — Red | D21: 86 – 130 mcd @ 3.2 mA | E21: =TEXT(86*Assumptions!$B$4/3.2,"0.0")&" – "&TEXT(130*Assumptions!$B$4/3.2,"0.0")&" mcd" -> 86.0 – 130.0 mcd | G21: 90 – 180 mcd @ 3.53 mA | H21: =TEXT(90*Assumptions!$B$4/3.53,"0.0")&" – "&TEXT(180*Assumptions!$B$4/3.53,"0.0")&" mcd" -> 81.6 – 163.2 mcd | J21: 403 – 635 mcd @ 8 mA | K21: =TEXT(403*Assumptions!$B$4/8,"0.0")&" – "&TEXT(635*Assumptions!$B$4/8,"0.0")&" mcd" -> 161.2 – 254.0 mcd | M21: Typical Min ~ Max
C22: Luminous Intensity — Green | D22: 325 – 489 mcd @ 3.2 mA | E22: =TEXT(325*Assumptions!$B$4/3.2,"0.0")&" – "&TEXT(489*Assumptions!$B$4/3.2,"0.0")&" mcd" -> 325.0 – 489.0 mcd | G22: 320 – 600 mcd @ 3.53 mA | H22: =TEXT(320*Assumptions!$B$4/3.53,"0.0")&" – "&TEXT(600*Assumptions!$B$4/3.53,"0.0")&" mcd" -> 290.1 – 543.9 mcd | J22: 1010 – 1600 mcd @ 8 mA | K22: =TEXT(1010*Assumptions!$B$4/8,"0.0")&" – "&TEXT(1600*Assumptions!$B$4/8,"0.0")&" mcd" -> 404.0 – 640.0 mcd | M22: Typical Min ~ Max
C23: Luminous Intensity — Blue | D23: 66 – 100 mcd @ 3.2 mA | E23: =TEXT(66*Assumptions!$B$4/3.2,"0.0")&" – "&TEXT(100*Assumptions!$B$4/3.2,"0.0")&" mcd" -> 66.0 – 100.0 mcd | G23: 70 – 125 mcd @ 3.53 mA | H23: =TEXT(70*Assumptions!$B$4/3.53,"0.0")&" – "&TEXT(125*Assumptions!$B$4/3.53,"0.0")&" mcd" -> 63.5 – 113.3 mcd | J23: 224 – 355 mcd @ 8 mA | K23: =TEXT(224*Assumptions!$B$4/8,"0.0")&" – "&TEXT(355*Assumptions!$B$4/8,"0.0")&" mcd" -> 89.6 – 142.0 mcd | M23: Typical Min ~ Max
C24: Dominant Wavelength — Red | D24: 618 – 623 nm @ 3.2 mA | G24: 610 – 630 nm @ 3.53 mA | J24: 619 – 624 nm @ 8 mA | M24: Color bin ranges
C25: Dominant Wavelength — Green | D25: 524 – 528 nm @ 3.2 mA | G25: 525 – 545 nm @ 3.53 mA | J25: 522.5 – 540 nm @ 8 mA | M25: Color bin ranges
C26: Dominant Wavelength — Blue | D26: 469 – 474 nm @ 3.2 mA | G26: 460 – 480 nm @ 3.53 mA | J26: 465 – 480 nm @ 8 mA | M26: Color bin ranges
C27: Junction Temperature (Tj) | D27: Not specified | G27: Not specified | J27: −40 ~ +125 °C | M27: —
C28: Absolute Max. Supply Voltage | D28: 12 V | G28: 6 V | J28: 3.6 V | M28: —
C29: ESD Protection (HBM) | D29: 4 kV | G29: 2 kV | J29: 2 kV | M29: —
C30: Key Features (Highlights) | D30: 16-bit PWM, 16-level current, OVP, EMS error monitoring, wide voltage (3.3–12 V) | G30: Dual data backup, long string support, low static current | J30: 24-bit color, very high refresh rate, full set of advanced features (health monitor, CRC, gamma, etc.) | M30: Summary
M32: Date : 2026-0723

Sheet 3.2mA Comparison
A1: Luminous Intensity Normalized to 3.2 mA | B1: Luminous Intensity Normalized to 3.2 mA | C1: Luminous Intensity Normalized to 3.2 mA | D1: Luminous Intensity Normalized to 3.2 mA | E1: Luminous Intensity Normalized to 3.2 mA | F1: Luminous Intensity Normalized to 3.2 mA | G1: Luminous Intensity Normalized to 3.2 mA | H1: Luminous Intensity Normalized to 3.2 mA | I1: Luminous Intensity Normalized to 3.2 mA | J1: Luminous Intensity Normalized to 3.2 mA
A2: Linear scaling assumption. All Min/Max outputs reference the editable current on the Assumptions sheet. | B2: Linear scaling assumption. All Min/Max outputs reference the editable current on the Assumptions sheet. | C2: Linear scaling assumption. All Min/Max outputs reference the editable current on the Assumptions sheet. | D2: Linear scaling assumption. All Min/Max outputs reference the editable current on the Assumptions sheet. | E2: Linear scaling assumption. All Min/Max outputs reference the editable current on the Assumptions sheet. | F2: Linear scaling assumption. All Min/Max outputs reference the editable current on the Assumptions sheet. | G2: Linear scaling assumption. All Min/Max outputs reference the editable current on the Assumptions sheet. | H2: Linear scaling assumption. All Min/Max outputs reference the editable current on the Assumptions sheet. | I2: Linear scaling assumption. All Min/Max outputs reference the editable current on the Assumptions sheet. | J2: Linear scaling assumption. All Min/Max outputs reference the editable current on the Assumptions sheet.
A4: Color | B4: Reference Current | C4: NationStar Min | D4: NationStar Max | E4: Kinglight Min | F4: Kinglight Max | G4: Cxxx Min | H4: Cxxx Max | I4: Highest Normalized Max | J4: Leader | L4: Color | M4: NationStar Max | N4: Kinglight Max | O4: Cxxx Max
A5: Red | B5: =Assumptions!$B$4 -> 3.2 | C5: =86*$B5/3.2 -> 86 | D5: =130*$B5/3.2 -> 130 | E5: =90*$B5/3.53 -> 81.586402 | F5: =180*$B5/3.53 -> 163.1728 | G5: =403*$B5/8 -> 161.2 | H5: =635*$B5/8 -> 254 | I5: =MAX(D5,F5,H5) -> 254 | J5: =IF(I5=D5,"NationStar",IF(I5=F5,"Kinglight","Cxxx")) -> Cxxx | L5: =A5 -> Red | M5: =D5 -> 130 | N5: =F5 -> 163.1728 | O5: =H5 -> 254
A6: Green | B6: =Assumptions!$B$4 -> 3.2 | C6: =325*$B6/3.2 -> 325 | D6: =489*$B6/3.2 -> 489 | E6: =320*$B6/3.53 -> 290.08499 | F6: =600*$B6/3.53 -> 543.90935 | G6: =1010*$B6/8 -> 404 | H6: =1600*$B6/8 -> 640 | I6: =MAX(D6,F6,H6) -> 640 | J6: =IF(I6=D6,"NationStar",IF(I6=F6,"Kinglight","Cxxx")) -> Cxxx | L6: =A6 -> Green | M6: =D6 -> 489 | N6: =F6 -> 543.90935 | O6: =H6 -> 640
A7: Blue | B7: =Assumptions!$B$4 -> 3.2 | C7: =66*$B7/3.2 -> 66 | D7: =100*$B7/3.2 -> 100 | E7: =70*$B7/3.53 -> 63.456091 | F7: =125*$B7/3.53 -> 113.31445 | G7: =224*$B7/8 -> 89.6 | H7: =355*$B7/8 -> 142 | I7: =MAX(D7,F7,H7) -> 142 | J7: =IF(I7=D7,"NationStar",IF(I7=F7,"Kinglight","Cxxx")) -> Cxxx | L7: =A7 -> Blue | M7: =D7 -> 100 | N7: =F7 -> 113.31445 | O7: =H7 -> 142

Sheet Assumptions
A1: Normalization Assumptions | B1: Normalization Assumptions | C1: Normalization Assumptions | D1: Normalization Assumptions
A3: Input | B3: Value
A4: Compared-at current (mA) | B4: 3.2
A5: Scaling assumption | B5: Linear luminous intensity vs. current
A6: Formula | B6: Normalized mcd = Original mcd × Compared-at current ÷ Original test current
A8: “32 mA” was interpreted as 3.2 mA because 3.2 mA is the lowest optical test current shown in the supplied image. | B8: “32 mA” was interpreted as 3.2 mA because 3.2 mA is the lowest optical test current shown in the supplied image. | C8: “32 mA” was interpreted as 3.2 mA because 3.2 mA is the lowest optical test current shown in the supplied image. | D8: “32 mA” was interpreted as 3.2 mA because 3.2 mA is the lowest optical test current shown in the supplied image.
